The Twist,Chubby Checker,3120,1,2019-03-01 01:16:00
Smooth,Santana Featuring Rob Thomas,3159,1,2019-03-01 01:16:00
Mack The Knife,Bobby Darin,3119,1,2019-03-01 01:16:00
How Do I Live,LeAnn Rimes,3157,1,2019-03-01 01:16:00
Party Rock Anthem,LMFAO Featuring Lauren Bennett and Goon Rock,3171,1,2019-03-01 01:16:00
I Gotta Feeling,The Black Eyed Peas,3169,1,2019-03-01 01:16:00
Macarena (Bayside Boys Mix),Los Del Rio,3156,1,2019-03-01 01:16:00
Physical,Olivia Newton-John,3141,1,2019-03-01 01:16:00
You Light Up My Life,Debbie Boone,3157,1,2019-03-01 01:16:00
Hey Jude,The Beatles,3128,1,2019-03-01 01:16:00
